store_id,YearMonth,num_order,num_product,order_delivered,order_pickup,order_onsite,pct_delivered
CPS-AGI-CDO-272LL,2025-10,283,176,9,7,267,0.03180212
CPS-AGI-CDO-272LL,2025-11,1168,706,53,102,1013,0.045376712
CPS-AGI-CDO-272LL,2025-12,990,640,47,105,838,0.047474747
CPS-AGI-CDO-272LL,2026-01,995,585,55,91,849,0.055276382
CPS-AGI-CDO-272LL,2026-02,1552,822,42,125,1385,0.027061856
CPS-AGI-CDO-272LL,2026-03,42,20,1,2,39,0.023809524
CPS-AGI-LXG-1393THD,2025-10,1222,832,54,82,1086,0.044189853
CPS-AGI-LXG-1393THD,2025-11,1113,738,52,161,900,0.046720575
CPS-AGI-LXG-1393THD,2025-12,987,649,38,91,858,0.038500507
CPS-AGI-LXG-1393THD,2026-01,886,581,31,90,765,0.034988713
CPS-AGI-LXG-1393THD,2026-02,1494,893,33,163,1298,0.022088353
CPS-AGI-LXG-1393THD,2026-03,39,26,1,0,38,0.025641026
CPS-AGI-LXG-912THD,2025-10,1067,689,65,54,948,0.060918463
CPS-AGI-LXG-912THD,2025-11,919,595,43,99,777,0.046789989
CPS-AGI-LXG-912THD,2025-12,714,489,47,35,632,0.065826331
CPS-AGI-LXG-912THD,2026-01,769,476,43,47,679,0.055916775
CPS-AGI-LXG-912THD,2026-02,950,589,36,109,805,0.037894737
CPS-AGI-LXG-912THD,2026-03,38,21,2,3,33,0.052631579
CPS-AGI-RGI-405NTT,2025-10,412,272,6,38,368,0.014563107
CPS-AGI-RGI-405NTT,2025-11,780,461,39,82,659,0.05
CPS-AGI-RGI-405NTT,2025-12,729,449,51,72,606,0.069958848
CPS-AGI-RGI-405NTT,2026-01,666,432,46,33,587,0.069069069
CPS-AGI-RGI-405NTT,2026-02,865,559,60,145,660,0.069364162
CPS-AGI-RGI-405NTT,2026-03,30,19,5,5,20,0.166666667
CPS-BDI-QNH-669THD,2025-10,1414,957,60,113,1241,0.042432815
CPS-BDI-QNH-669THD,2025-11,1398,1038,96,127,1175,0.068669528
CPS-BDI-QNH-669THD,2025-12,1330,944,89,104,1137,0.066917293
CPS-BDI-QNH-669THD,2026-01,1180,860,84,111,985,0.071186441
CPS-BDI-QNH-669THD,2026-02,1746,1151,58,143,1545,0.033218786
CPS-BDI-QNH-669THD,2026-03,81,51,2,6,73,0.024691358
CPS-BDU-DAN-253NAN,2025-10,2392,1554,125,274,1993,0.052257525
CPS-BDU-DAN-253NAN,2025-11,2120,1432,141,235,1744,0.066509434
CPS-BDU-DAN-253NAN,2025-12,1836,1296,145,144,1547,0.078976035
CPS-BDU-DAN-253NAN,2026-01,1880,1244,98,191,1591,0.05212766
CPS-BDU-DAN-253NAN,2026-02,2102,1346,100,339,1663,0.047573739
CPS-BDU-DAN-253NAN,2026-03,101,60,3,8,90,0.02970297
CPS-BDU-TAN-100NVT,2025-10,1429,965,76,161,1192,0.053184045
CPS-BDU-TAN-100NVT,2025-11,1357,946,82,142,1133,0.060427413
CPS-BDU-TAN-100NVT,2025-12,1197,839,77,92,1028,0.064327485
CPS-BDU-TAN-100NVT,2026-01,1294,881,70,137,1087,0.054095827
CPS-BDU-TAN-100NVT,2026-02,1434,918,66,207,1161,0.046025105
CPS-BDU-TAN-100NVT,2026-03,64,44,0,8,56,0
CPS-BDU-TAN-63HHMH,2025-10,1215,797,99,141,975,0.081481481
CPS-BDU-TAN-63HHMH,2025-11,1185,760,114,161,910,0.096202532
CPS-BDU-TAN-63HHMH,2025-12,1011,702,123,102,786,0.121661721
CPS-BDU-TAN-63HHMH,2026-01,1000,666,105,105,790,0.105
CPS-BDU-TAN-63HHMH,2026-02,1107,701,93,131,883,0.08401084
CPS-BDU-TAN-63HHMH,2026-03,63,38,4,9,50,0.063492063
CPS-BDU-TAU-156DT747,2025-10,944,607,105,117,722,0.111228814
CPS-BDU-TAU-156DT747,2025-11,977,618,133,121,723,0.136131013
CPS-BDU-TAU-156DT747,2025-12,818,517,89,78,651,0.108801956
CPS-BDU-TAU-156DT747,2026-01,746,509,118,69,559,0.158176944
CPS-BDU-TAU-156DT747,2026-02,797,494,89,79,629,0.111668758
CPS-BDU-TAU-156DT747,2026-03,25,18,1,2,22,0.04
CPS-BDU-TDM-183PL,2025-10,1649,1152,100,192,1357,0.060642814
CPS-BDU-TDM-183PL,2025-11,1672,1176,100,211,1361,0.059808612
CPS-BDU-TDM-183PL,2025-12,1611,1133,140,149,1322,0.086902545
CPS-BDU-TDM-183PL,2026-01,1488,1025,111,173,1204,0.074596774
CPS-BDU-TDM-183PL,2026-02,1708,1092,77,182,1449,0.045081967
CPS-BDU-TDM-183PL,2026-03,86,54,3,10,73,0.034883721
CPS-BDU-TDM-427DLBD,2025-10,2561,1697,110,289,2162,0.042951972
CPS-BDU-TDM-427DLBD,2025-11,2624,1737,137,291,2196,0.052210366
CPS-BDU-TDM-427DLBD,2025-12,2158,1509,96,224,1838,0.044485635
CPS-BDU-TDM-427DLBD,2026-01,2167,1505,127,211,1829,0.058606368
CPS-BDU-TDM-427DLBD,2026-02,2528,1613,130,362,2036,0.051424051
CPS-BDU-TDM-427DLBD,2026-03,118,69,3,22,93,0.025423729
CPS-BGI-BGI-135HV,2025-10,642,524,37,56,549,0.057632399
CPS-BGI-BGI-135HV,2025-11,579,483,38,60,481,0.065630397
CPS-BGI-BGI-135HV,2025-12,545,447,31,37,477,0.056880734
CPS-BGI-BGI-135HV,2026-01,456,377,25,53,378,0.054824561
CPS-BGI-BGI-135HV,2026-02,624,517,34,46,544,0.054487179
CPS-BGI-BGI-135HV,2026-03,29,24,1,0,28,0.034482759
CPS-BLI-BLI-289TP,2025-10,916,592,28,57,831,0.030567686
CPS-BLI-BLI-289TP,2025-11,913,545,47,104,762,0.051478642
CPS-BLI-BLI-289TP,2025-12,803,508,50,72,681,0.062266501
CPS-BLI-BLI-289TP,2026-01,754,495,27,39,688,0.035809019
CPS-BLI-BLI-289TP,2026-02,972,596,30,54,888,0.030864198
CPS-BLI-BLI-289TP,2026-03,37,25,5,1,31,0.135135135
CPS-BNI-BNI-334THD,2025-10,997,817,42,102,853,0.042126379
CPS-BNI-BNI-334THD,2025-11,916,750,44,105,767,0.048034934
CPS-BNI-BNI-334THD,2025-12,859,692,39,73,747,0.04540163
CPS-BNI-BNI-334THD,2026-01,803,641,36,79,688,0.04483188
CPS-BNI-BNI-334THD,2026-02,1001,770,39,92,870,0.038961039
CPS-BNI-BNI-334THD,2026-03,35,28,3,3,29,0.085714286
CPS-BNI-TSO-242TP,2025-10,382,322,34,38,310,0.089005236
CPS-BNI-TSO-242TP,2025-11,418,325,37,52,329,0.088516746
CPS-BNI-TSO-242TP,2025-12,373,296,37,23,313,0.09919571
CPS-BNI-TSO-242TP,2026-01,296,252,30,40,226,0.101351351
CPS-BNI-TSO-242TP,2026-02,397,318,17,31,349,0.042821159
CPS-BNI-TSO-242TP,2026-03,18,15,1,1,16,0.055555556
CPS-BPH-DXO-968PRD,2025-10,751,505,56,59,636,0.074567244
CPS-BPH-DXO-968PRD,2025-11,802,506,75,77,650,0.093516209
CPS-BPH-DXO-968PRD,2025-12,758,476,73,59,626,0.096306069
CPS-BPH-DXO-968PRD,2026-01,645,429,63,39,543,0.097674419
CPS-BPH-DXO-968PRD,2026-02,853,557,82,51,720,0.096131301
CPS-BPH-DXO-968PRD,2026-03,39,23,1,0,38,0.025641026
CPS-BRI-BRI-31NHT,2025-10,1270,891,83,130,1057,0.065354331
CPS-BRI-BRI-31NHT,2025-11,1201,853,50,112,1039,0.041631973
CPS-BRI-BRI-31NHT,2025-12,1064,781,70,94,900,0.065789474
CPS-BRI-BRI-31NHT,2026-01,1107,775,60,69,978,0.054200542
CPS-BRI-BRI-31NHT,2026-02,1295,896,65,133,1097,0.05019305
CPS-BRI-BRI-31NHT,2026-03,68,48,3,1,64,0.044117647
CPS-BRI-VTA-165LHP,2025-10,1891,1302,62,140,1689,0.032786885
CPS-BRI-VTA-165LHP,2025-11,1925,1353,125,134,1666,0.064935065
CPS-BRI-VTA-165LHP,2025-12,1768,1297,137,131,1500,0.077488688
CPS-BRI-VTA-165LHP,2026-01,1798,1321,111,89,1598,0.061735261
CPS-BRI-VTA-165LHP,2026-02,2252,1559,142,218,1892,0.063055062
CPS-BRI-VTA-165LHP,2026-03,83,55,1,9,73,0.012048193
CPS-BRI-VTA-491BMTT,2025-10,1012,705,90,119,803,0.088932806
CPS-BRI-VTA-491BMTT,2025-11,930,684,102,106,722,0.109677419
CPS-BRI-VTA-491BMTT,2025-12,884,671,92,92,700,0.104072398
CPS-BRI-VTA-491BMTT,2026-01,906,678,74,86,746,0.081677704
CPS-BRI-VTA-491BMTT,2026-02,1040,722,72,112,856,0.069230769
CPS-BRI-VTA-491BMTT,2026-03,38,27,1,5,32,0.026315789
CPS-BTH-PTH-165THD,2025-10,1201,772,47,219,935,0.039134055
CPS-BTH-PTH-165THD,2025-11,1221,824,41,154,1026,0.033579034
CPS-BTH-PTH-165THD,2025-12,1052,760,57,91,904,0.05418251
CPS-BTH-PTH-165THD,2026-01,1017,698,44,75,898,0.043264503
CPS-BTH-PTH-165THD,2026-02,1414,914,52,125,1237,0.036775106
CPS-BTH-PTH-165THD,2026-03,41,28,2,3,36,0.048780488
CPS-BTR-BTR-15DK,2025-10,1376,938,51,162,1163,0.037063953
CPS-BTR-BTR-15DK,2025-11,1478,971,70,174,1234,0.047361299
CPS-BTR-BTR-15DK,2025-12,1225,826,59,141,1025,0.048163265
CPS-BTR-BTR-15DK,2026-01,1106,689,39,160,907,0.035262206
CPS-BTR-BTR-15DK,2026-02,1604,947,49,142,1413,0.030548628
CPS-BTR-BTR-15DK,2026-03,51,28,0,2,49,0
CPS-CMA-CMA-34THD,2025-10,1250,826,43,90,1117,0.0344
CPS-CMA-CMA-34THD,2025-11,1085,757,38,128,919,0.035023041
CPS-CMA-CMA-34THD,2025-12,954,674,29,110,815,0.030398323
CPS-CMA-CMA-34THD,2026-01,960,665,39,88,833,0.040625
CPS-CMA-CMA-34THD,2026-02,1319,812,27,184,1108,0.020470053
CPS-CMA-CMA-34THD,2026-03,31,23,0,3,28,0
CPS-CTH-NKI-133CMTT,2025-10,1502,1031,80,160,1262,0.053262317
CPS-CTH-NKI-133CMTT,2025-11,1240,875,78,159,1003,0.062903226
CPS-CTH-NKI-133CMTT,2025-12,1243,855,73,128,1042,0.058728882
CPS-CTH-NKI-133CMTT,2026-01,1159,792,50,109,1000,0.043140638
CPS-CTH-NKI-133CMTT,2026-02,1290,856,71,165,1054,0.05503876
CPS-CTH-NKI-133CMTT,2026-03,53,39,7,8,38,0.132075472
CPS-CTH-NKI-272BMTT,2025-10,3473,2452,81,325,3067,0.023322776
CPS-CTH-NKI-272BMTT,2025-11,3138,2245,94,323,2721,0.029955386
CPS-CTH-NKI-272BMTT,2025-12,2871,1966,86,220,2565,0.02995472
CPS-CTH-NKI-272BMTT,2026-01,2683,1870,84,169,2430,0.031308237
CPS-CTH-NKI-272BMTT,2026-02,3444,2303,97,331,3016,0.028164925
CPS-CTH-NKI-272BMTT,2026-03,150,102,6,13,131,0.04
CPS-CTH-TAN-141NVC,2025-10,981,672,17,89,875,0.017329256
CPS-CTH-TAN-141NVC,2025-11,1278,911,56,137,1085,0.043818466
CPS-CTH-TAN-141NVC,2025-12,1086,792,54,107,925,0.049723757
CPS-CTH-TAN-141NVC,2026-01,1197,793,46,126,1025,0.038429407
CPS-CTH-TAN-141NVC,2026-02,1336,851,62,211,1063,0.046407186
CPS-CTH-TAN-141NVC,2026-03,61,37,1,7,53,0.016393443
CPS-DLA-BMT-116PBC,2025-10,1792,1187,102,206,1484,0.056919643
CPS-DLA-BMT-116PBC,2025-11,1688,1154,108,196,1384,0.063981043
CPS-DLA-BMT-116PBC,2025-12,1533,1024,125,124,1284,0.081539465
CPS-DLA-BMT-116PBC,2026-01,1492,1044,112,98,1282,0.075067024
CPS-DLA-BMT-116PBC,2026-02,1922,1270,103,163,1656,0.05359001
CPS-DLA-BMT-116PBC,2026-03,57,44,3,1,53,0.052631579
CPS-DNA-HCU-329NHT,2025-12,363,306,34,33,296,0.093663912
CPS-DNA-HCU-329NHT,2026-01,443,381,48,56,339,0.108352144
CPS-DNA-HCU-329NHT,2026-02,530,442,38,44,448,0.071698113
CPS-DNA-HCU-329NHT,2026-03,32,27,1,3,28,0.03125
CPS-DNA-LCH-749TDT,2025-10,447,395,36,56,355,0.080536913
CPS-DNA-LCH-749TDT,2025-11,482,418,31,50,401,0.064315353
CPS-DNA-LCH-749TDT,2025-12,480,406,33,60,387,0.06875
CPS-DNA-LCH-749TDT,2026-01,391,337,30,34,327,0.076726343
CPS-DNA-LCH-749TDT,2026-02,436,376,27,42,367,0.061926606
CPS-DNA-LCH-749TDT,2026-03,27,18,0,2,25,0
CPS-DNA-STR-11NVT,2025-10,737,629,51,43,643,0.069199457
CPS-DNA-STR-11NVT,2025-11,728,624,56,63,609,0.076923077
CPS-DNA-STR-11NVT,2025-12,676,601,61,49,566,0.090236686
CPS-DNA-STR-11NVT,2026-01,685,609,40,62,583,0.058394161
CPS-DNA-STR-11NVT,2026-02,759,652,38,62,659,0.050065876
CPS-DNA-STR-11NVT,2026-03,27,25,0,1,26,0
CPS-DNA-TK-369NVL,2025-10,1443,1234,80,154,1209,0.055440055
CPS-DNA-TK-369NVL,2025-11,1389,1180,89,177,1123,0.064074874
CPS-DNA-TK-369NVL,2025-12,1111,941,63,114,934,0.056705671
CPS-DNA-TK-369NVL,2026-01,1135,953,65,97,973,0.057268722
CPS-DNA-TK-369NVL,2026-02,1383,1182,71,107,1205,0.051337672
CPS-DNA-TK-369NVL,2026-03,34,33,2,1,31,0.058823529
CPS-DNA-TKH-313DBP,2025-10,587,502,38,58,491,0.064735945
CPS-DNA-TKH-313DBP,2025-11,626,539,56,75,495,0.089456869
CPS-DNA-TKH-313DBP,2025-12,483,410,30,52,401,0.062111801
CPS-DNA-TKH-313DBP,2026-01,422,370,28,47,347,0.066350711
CPS-DNA-TKH-313DBP,2026-02,540,460,38,34,468,0.07037037
CPS-DNA-TKH-313DBP,2026-03,25,21,0,1,24,0
CPS-DON-BHO-57PVT,2025-10,2613,1818,107,251,2255,0.040949101
CPS-DON-BHO-57PVT,2025-11,2529,1786,123,210,2196,0.048635824
CPS-DON-BHO-57PVT,2025-12,2190,1616,113,200,1877,0.051598174
CPS-DON-BHO-57PVT,2026-01,2033,1480,72,173,1788,0.035415642
CPS-DON-BHO-57PVT,2026-02,2874,1953,91,259,2524,0.031663187
CPS-DON-BHO-57PVT,2026-03,86,72,3,6,77,0.034883721
CPS-DON-BHO-7BVH,2025-10,1366,888,74,127,1165,0.054172767
CPS-DON-BHO-7BVH,2025-11,1419,933,89,129,1201,0.062720226
CPS-DON-BHO-7BVH,2025-12,1204,845,81,110,1013,0.067275748
CPS-DON-BHO-7BVH,2026-01,1137,815,85,138,914,0.074758135
CPS-DON-BHO-7BVH,2026-02,1400,902,68,162,1170,0.048571429
CPS-DON-BHO-7BVH,2026-03,78,45,2,7,69,0.025641026
CPS-DON-LKH-175HV,2025-10,1244,809,61,105,1078,0.04903537
CPS-DON-LKH-175HV,2025-11,1181,795,61,84,1036,0.051651143
CPS-DON-LKH-175HV,2025-12,1060,740,71,89,900,0.066981132
CPS-DON-LKH-175HV,2026-01,1025,700,77,85,863,0.075121951
CPS-DON-LKH-175HV,2026-02,1312,823,70,134,1108,0.053353659
CPS-DON-LKH-175HV,2026-03,82,45,3,4,75,0.036585366
CPS-DON-LTH-307LD,2025-10,1414,933,78,127,1209,0.055162659
CPS-DON-LTH-307LD,2025-11,1295,888,94,147,1054,0.072586873
CPS-DON-LTH-307LD,2025-12,1078,779,76,132,870,0.070500928
CPS-DON-LTH-307LD,2026-01,967,684,81,73,813,0.083764219
CPS-DON-LTH-307LD,2026-02,1235,802,82,106,1047,0.066396761
CPS-DON-LTH-307LD,2026-03,77,47,2,8,67,0.025974026
CPS-DON-NTR-237LTT,2025-12,17,12,1,0,16,0.058823529
CPS-DON-NTR-237LTT,2026-01,755,465,47,39,669,0.062251656
CPS-DON-NTR-237LTT,2026-02,869,539,70,68,731,0.080552359
CPS-DON-NTR-237LTT,2026-03,34,22,4,2,28,0.117647059
CPS-DON-TBO-58BMTT,2025-10,975,599,67,67,841,0.068717949
CPS-DON-TBO-58BMTT,2025-11,871,546,65,59,747,0.074626866
CPS-DON-TBO-58BMTT,2025-12,805,527,46,63,696,0.057142857
CPS-DON-TBO-58BMTT,2026-01,704,486,57,58,589,0.080965909
CPS-DON-TBO-58BMTT,2026-02,941,569,67,96,778,0.07120085
CPS-DON-TBO-58BMTT,2026-03,42,28,0,7,35,0
CPS-DON-THI-F1DK,2025-10,935,603,61,170,704,0.065240642
CPS-DON-THI-F1DK,2025-11,971,647,81,133,757,0.083419156
CPS-DON-THI-F1DK,2025-12,792,574,95,85,612,0.119949495
CPS-DON-THI-F1DK,2026-01,756,545,68,79,609,0.08994709
CPS-DON-THI-F1DK,2026-02,967,649,86,114,767,0.08893485
CPS-DON-THI-F1DK,2026-03,41,29,0,1,40,0
CPS-DTH-CLA-81NH,2025-10,1521,923,57,170,1294,0.037475345
CPS-DTH-CLA-81NH,2025-11,1279,791,67,126,1086,0.052384676
CPS-DTH-CLA-81NH,2025-12,1106,707,53,88,965,0.047920434
CPS-DTH-CLA-81NH,2026-01,1125,723,41,81,1003,0.036444444
CPS-DTH-CLA-81NH,2026-02,1515,931,50,142,1323,0.0330033
CPS-DTH-CLA-81NH,2026-03,58,32,0,5,53,0
CPS-GLA-PKU-21QT,2025-10,842,586,69,68,705,0.081947743
CPS-GLA-PKU-21QT,2025-11,890,608,97,81,712,0.108988764
CPS-GLA-PKU-21QT,2025-12,940,636,106,94,740,0.112765957
CPS-GLA-PKU-21QT,2026-01,848,629,110,58,680,0.129716981
CPS-GLA-PKU-21QT,2026-02,1252,836,93,104,1055,0.07428115
CPS-GLA-PKU-21QT,2026-03,40,30,9,1,30,0.225
CPS-HCM-BCH-C3PH,2025-10,1868,1488,172,170,1526,0.092077088
CPS-HCM-BCH-C3PH,2025-11,1859,1447,185,158,1516,0.099515869
CPS-HCM-BCH-C3PH,2025-12,1670,1255,208,166,1296,0.124550898
CPS-HCM-BCH-C3PH,2026-01,1516,1105,184,103,1229,0.121372032
CPS-HCM-BCH-C3PH,2026-02,1705,1185,173,123,1409,0.101466276
CPS-HCM-BCH-C3PH,2026-03,73,54,7,3,63,0.095890411
CPS-HCM-BTA-127NTT,2025-10,1254,892,155,167,932,0.123604466
CPS-HCM-BTA-127NTT,2025-11,1169,862,178,144,847,0.152266895
CPS-HCM-BTA-127NTT,2025-12,1039,759,174,114,751,0.16746872
CPS-HCM-BTA-127NTT,2026-01,978,710,143,140,695,0.146216769
CPS-HCM-BTA-127NTT,2026-02,1241,842,142,214,885,0.114423852
CPS-HCM-BTA-127NTT,2026-03,46,37,14,16,16,0.304347826
CPS-HCM-BTA-386HL2,2025-10,1270,890,111,118,1041,0.087401575
CPS-HCM-BTA-386HL2,2025-11,1211,884,130,147,934,0.107349298
CPS-HCM-BTA-386HL2,2025-12,1098,798,123,107,868,0.112021858
CPS-HCM-BTA-386HL2,2026-01,1031,771,126,84,821,0.122211445
CPS-HCM-BTA-386HL2,2026-02,1190,839,149,86,955,0.125210084
CPS-HCM-BTA-386HL2,2026-03,56,41,11,3,42,0.196428571
CPS-HCM-BTA-888TL10,2025-10,1890,1318,156,181,1553,0.082539683
CPS-HCM-BTA-888TL10,2025-11,1822,1262,202,200,1420,0.110867179
CPS-HCM-BTA-888TL10,2025-12,1646,1183,169,165,1312,0.102673147
CPS-HCM-BTA-888TL10,2026-01,1634,1151,182,146,1306,0.111383109
CPS-HCM-BTA-888TL10,2026-02,1722,1192,162,182,1378,0.094076655
CPS-HCM-BTA-888TL10,2026-03,78,46,5,5,68,0.064102564
CPS-HCM-BTH-377DBP,2025-10,3463,2315,361,660,2442,0.104244874
CPS-HCM-BTH-377DBP,2025-11,3315,2297,471,604,2240,0.142081448
CPS-HCM-BTH-377DBP,2025-12,3215,2195,396,608,2211,0.123172628
CPS-HCM-BTH-377DBP,2026-01,3060,2030,333,646,2081,0.108823529
CPS-HCM-BTH-377DBP,2026-02,3011,1952,365,557,2089,0.121222185
CPS-HCM-BTH-377DBP,2026-03,159,107,23,16,120,0.144654088
CPS-HCM-BTH-536XVNT,2025-10,1882,1427,240,328,1314,0.127523911
CPS-HCM-BTH-536XVNT,2025-11,1797,1370,252,281,1264,0.140233723
CPS-HCM-BTH-536XVNT,2025-12,1832,1312,233,316,1283,0.127183406
CPS-HCM-BTH-536XVNT,2026-01,1743,1259,253,295,1195,0.145152037
CPS-HCM-BTH-536XVNT,2026-02,1652,1147,209,256,1187,0.126513317
CPS-HCM-BTH-536XVNT,2026-03,82,63,8,8,66,0.097560976
CPS-HCM-CCH-193TL8,2025-10,1514,1008,102,289,1123,0.067371202
CPS-HCM-CCH-193TL8,2025-11,1257,947,114,185,958,0.090692124
CPS-HCM-CCH-193TL8,2025-12,1327,938,95,135,1097,0.071590053
CPS-HCM-CCH-193TL8,2026-01,1273,889,102,136,1035,0.080125687
CPS-HCM-CCH-193TL8,2026-02,1465,1020,112,168,1185,0.076450512
CPS-HCM-CCH-193TL8,2026-03,74,54,5,4,65,0.067567568
CPS-HCM-CCH-58TL8,2025-10,604,398,81,94,429,0.13410596
CPS-HCM-CCH-58TL8,2025-11,603,401,100,93,410,0.165837479
CPS-HCM-CCH-58TL8,2025-12,592,432,101,77,414,0.170608108
CPS-HCM-CCH-58TL8,2026-01,603,409,112,74,417,0.185737977
CPS-HCM-CCH-58TL8,2026-02,674,456,113,88,473,0.167655786
CPS-HCM-CCH-58TL8,2026-03,35,26,4,4,27,0.114285714
CPS-HCM-GVA-272NO,2025-10,2697,1976,206,422,2069,0.076381164
CPS-HCM-GVA-272NO,2025-11,2824,2072,215,450,2159,0.076133144
CPS-HCM-GVA-272NO,2025-12,2599,1876,261,377,1961,0.10042324
CPS-HCM-GVA-272NO,2026-01,2428,1767,188,354,1886,0.077429984
CPS-HCM-GVA-272NO,2026-02,2659,1842,186,309,2164,0.069951109
CPS-HCM-GVA-272NO,2026-03,96,83,6,9,81,0.0625
CPS-HCM-GVA-525AQT,2025-10,2297,1693,167,388,1742,0.072703526
CPS-HCM-GVA-525AQT,2025-11,2341,1737,194,460,1687,0.082870568
CPS-HCM-GVA-525AQT,2025-12,2162,1591,201,305,1656,0.092969473
CPS-HCM-GVA-525AQT,2026-01,2078,1518,192,284,1602,0.092396535
CPS-HCM-GVA-525AQT,2026-02,2574,1827,213,312,2049,0.082750583
CPS-HCM-GVA-525AQT,2026-03,94,70,8,7,79,0.085106383
CPS-HCM-GVA-567LQD,2025-10,2266,1643,197,253,1816,0.086937335
CPS-HCM-GVA-567LQD,2025-11,2244,1664,253,281,1710,0.112745098
CPS-HCM-GVA-567LQD,2025-12,2188,1597,292,263,1633,0.13345521
CPS-HCM-GVA-567LQD,2026-01,1977,1439,197,190,1590,0.099645928
CPS-HCM-GVA-567LQD,2026-02,2049,1424,172,213,1664,0.083943387
CPS-HCM-GVA-567LQD,2026-03,96,68,6,8,82,0.0625
CPS-HCM-GVA-59QT,2025-10,1729,1263,135,335,1259,0.078079815
CPS-HCM-GVA-59QT,2025-11,1678,1207,140,295,1243,0.083432658
CPS-HCM-GVA-59QT,2025-12,1591,1154,141,253,1197,0.088623507
CPS-HCM-GVA-59QT,2026-01,1569,1134,156,178,1235,0.099426386
CPS-HCM-GVA-59QT,2026-02,1753,1174,110,203,1440,0.062749572
CPS-HCM-GVA-59QT,2026-03,75,54,3,7,65,0.04
CPS-HCM-HMO-4/39QT,2025-10,1394,1007,104,198,1092,0.074605452
CPS-HCM-HMO-4/39QT,2025-11,1442,1018,125,171,1146,0.08668516
CPS-HCM-HMO-4/39QT,2025-12,1200,842,99,174,927,0.0825
CPS-HCM-HMO-4/39QT,2026-01,1234,883,112,114,1008,0.09076175
CPS-HCM-HMO-4/39QT,2026-02,1420,958,105,189,1126,0.073943662
CPS-HCM-HMO-4/39QT,2026-03,68,49,4,10,54,0.058823529
CPS-HCM-NBE-1716HTP,2025-10,1047,791,117,118,812,0.111747851
CPS-HCM-NBE-1716HTP,2025-11,1005,742,117,129,759,0.11641791
CPS-HCM-NBE-1716HTP,2025-12,1023,749,182,124,717,0.177908113
CPS-HCM-NBE-1716HTP,2026-01,1074,766,139,120,815,0.129422719
CPS-HCM-NBE-1716HTP,2026-02,1157,788,145,143,869,0.125324114
CPS-HCM-NBE-1716HTP,2026-03,50,39,1,8,41,0.02
CPS-HCM-PNH-114PDL,2025-10,2499,1802,302,409,1788,0.120848339
CPS-HCM-PNH-114PDL,2025-11,2282,1671,245,325,1712,0.107361963
CPS-HCM-PNH-114PDL,2025-12,2066,1569,251,316,1499,0.121490803
CPS-HCM-PNH-114PDL,2026-01,1951,1473,263,368,1320,0.134802665
CPS-HCM-PNH-114PDL,2026-02,1886,1391,264,394,1228,0.139978791
CPS-HCM-PNH-114PDL,2026-03,70,52,9,22,39,0.128571429
CPS-HCM-Q01-134NTH,2025-10,3325,2603,315,510,2500,0.094736842
CPS-HCM-Q01-134NTH,2025-11,3669,2708,380,453,2836,0.103570455
CPS-HCM-Q01-134NTH,2025-12,3525,2683,411,342,2772,0.116595745
CPS-HCM-Q01-134NTH,2026-01,3133,2390,310,287,2536,0.098946696
CPS-HCM-Q01-134NTH,2026-02,3522,2511,309,306,2907,0.087734242
CPS-HCM-Q01-134NTH,2026-03,88,67,4,3,81,0.045454545
CPS-HCM-Q01-157NTMK,2025-10,1864,1432,239,256,1369,0.128218884
CPS-HCM-Q01-157NTMK,2025-11,1918,1406,242,300,1376,0.126173097
CPS-HCM-Q01-157NTMK,2025-12,2052,1464,321,327,1404,0.156432749
CPS-HCM-Q01-157NTMK,2026-01,1755,1249,304,241,1210,0.173219373
CPS-HCM-Q01-157NTMK,2026-02,1648,1203,273,234,1141,0.16565534
CPS-HCM-Q01-157NTMK,2026-03,64,50,9,3,52,0.140625
CPS-HCM-Q01-220TQK,2025-10,2177,1635,259,376,1542,0.118971061
CPS-HCM-Q01-220TQK,2025-11,2417,1804,311,408,1698,0.128671907
CPS-HCM-Q01-220TQK,2025-12,2351,1766,325,352,1674,0.138239047
CPS-HCM-Q01-220TQK,2026-01,2187,1617,325,293,1569,0.148605396
CPS-HCM-Q01-220TQK,2026-02,2170,1551,289,305,1576,0.133179724
CPS-HCM-Q01-220TQK,2026-03,81,60,11,7,63,0.135802469
CPS-HCM-Q01-55BTQK,2025-10,4427,3175,301,690,3436,0.067991868
CPS-HCM-Q01-55BTQK,2025-11,4441,3192,412,598,3431,0.092771898
CPS-HCM-Q01-55BTQK,2025-12,4253,3115,417,525,3311,0.098048436
CPS-HCM-Q01-55BTQK,2026-01,3927,2920,330,428,3169,0.084033613
CPS-HCM-Q01-55BTQK,2026-02,4569,3193,357,566,3646,0.078135259
CPS-HCM-Q01-55BTQK,2026-03,122,94,7,8,107,0.057377049
CPS-HCM-Q02-139TN,2025-10,3395,2497,154,524,2717,0.045360825
CPS-HCM-Q02-139TN,2025-11,3521,2523,178,464,2879,0.05055382
CPS-HCM-Q02-139TN,2025-12,3516,2570,253,430,2833,0.071956769
CPS-HCM-Q02-139TN,2026-01,3329,2395,260,338,2731,0.078101532
CPS-HCM-Q02-139TN,2026-02,3337,2390,221,298,2818,0.06622715
CPS-HCM-Q02-139TN,2026-03,123,89,7,6,110,0.056910569
CPS-HCM-Q02-190NTD,2025-10,1825,1319,211,228,1386,0.115616438
CPS-HCM-Q02-190NTD,2025-11,1722,1273,225,214,1283,0.130662021
CPS-HCM-Q02-190NTD,2025-12,1690,1241,254,181,1255,0.150295858
CPS-HCM-Q02-190NTD,2026-01,1606,1188,267,136,1203,0.166251557
CPS-HCM-Q02-190NTD,2026-02,1657,1163,197,129,1331,0.118889559
CPS-HCM-Q02-190NTD,2026-03,77,57,11,9,57,0.142857143
CPS-HCM-Q04-177KH,2025-10,1646,1240,185,243,1218,0.112393682
CPS-HCM-Q04-177KH,2025-11,1646,1258,185,242,1219,0.112393682
CPS-HCM-Q04-177KH,2025-12,1571,1246,212,248,1111,0.134945894
CPS-HCM-Q04-177KH,2026-01,1416,1144,185,146,1085,0.130649718
CPS-HCM-Q04-177KH,2026-02,1670,1219,181,274,1215,0.108383234
CPS-HCM-Q04-177KH,2026-03,63,52,2,7,54,0.031746032
CPS-HCM-Q05-785THD,2025-10,1779,1305,195,267,1317,0.109612142
CPS-HCM-Q05-785THD,2025-11,1578,1211,171,267,1140,0.108365019
CPS-HCM-Q05-785THD,2025-12,1560,1192,179,228,1153,0.11474359
CPS-HCM-Q05-785THD,2026-01,1561,1144,197,252,1112,0.126201153
CPS-HCM-Q05-785THD,2026-02,1549,1147,183,186,1180,0.118140736
CPS-HCM-Q05-785THD,2026-03,64,52,10,10,44,0.15625
CPS-HCM-Q06-1075BHG,2025-10,2670,2126,230,323,2117,0.086142322
CPS-HCM-Q06-1075BHG,2025-11,2886,2234,288,272,2326,0.0997921
CPS-HCM-Q06-1075BHG,2025-12,2847,2104,275,311,2261,0.096592905
CPS-HCM-Q06-1075BHG,2026-01,2634,1936,201,261,2172,0.076309795
CPS-HCM-Q06-1075BHG,2026-02,3298,2372,264,368,2666,0.080048514
CPS-HCM-Q06-1075BHG,2026-03,120,86,9,9,102,0.075
CPS-HCM-Q06-460HG,2025-10,1962,1409,132,221,1609,0.067278287
CPS-HCM-Q06-460HG,2025-11,1854,1380,177,236,1441,0.095469256
CPS-HCM-Q06-460HG,2025-12,1789,1302,180,191,1418,0.100614869
CPS-HCM-Q06-460HG,2026-01,1683,1271,149,200,1334,0.088532383
CPS-HCM-Q06-460HG,2026-02,1883,1368,173,196,1514,0.091874668
CPS-HCM-Q06-460HG,2026-03,73,52,3,5,65,0.04109589
CPS-HCM-Q07-248NTT,2025-10,2224,1648,222,428,1574,0.099820144
CPS-HCM-Q07-248NTT,2025-11,2428,1764,243,465,1720,0.100082372
CPS-HCM-Q07-248NTT,2025-12,2308,1667,209,411,1688,0.090554593
CPS-HCM-Q07-248NTT,2026-01,2329,1637,213,346,1770,0.09145556
CPS-HCM-Q07-248NTT,2026-02,2547,1757,193,446,1908,0.075775422
CPS-HCM-Q07-248NTT,2026-03,94,75,4,12,78,0.042553191
CPS-HCM-Q07-435NTT,2025-10,1660,1336,151,231,1278,0.090963855
CPS-HCM-Q07-435NTT,2025-11,1873,1435,190,243,1440,0.101441538
CPS-HCM-Q07-435NTT,2025-12,1897,1443,148,259,1490,0.078017923
CPS-HCM-Q07-435NTT,2026-01,1783,1361,129,192,1462,0.072349972
CPS-HCM-Q07-435NTT,2026-02,1912,1354,134,260,1518,0.070083682
CPS-HCM-Q07-435NTT,2026-03,88,74,4,11,73,0.045454545
CPS-HCM-Q07-571HTP,2025-10,1794,1419,147,228,1419,0.081939799
CPS-HCM-Q07-571HTP,2025-11,1859,1442,158,286,1415,0.084991931
CPS-HCM-Q07-571HTP,2025-12,1858,1445,204,276,1378,0.109795479
CPS-HCM-Q07-571HTP,2026-01,1717,1289,170,178,1369,0.099009901
CPS-HCM-Q07-571HTP,2026-02,1774,1301,171,201,1402,0.096392334
CPS-HCM-Q07-571HTP,2026-03,88,62,8,9,71,0.090909091
CPS-HCM-Q08-579DBT,2025-10,1559,1207,149,208,1202,0.095574086
CPS-HCM-Q08-579DBT,2025-11,1641,1168,171,212,1258,0.104204753
CPS-HCM-Q08-579DBT,2025-12,1417,1039,159,174,1084,0.112208892
CPS-HCM-Q08-579DBT,2026-01,1333,985,178,158,997,0.133533383
CPS-HCM-Q08-579DBT,2026-02,1475,977,148,233,1094,0.100338983
CPS-HCM-Q08-579DBT,2026-03,67,51,12,13,42,0.179104478
CPS-HCM-Q09-125LVV,2025-10,2573,1796,149,383,2041,0.057909056
CPS-HCM-Q09-125LVV,2025-11,2438,1749,163,332,1943,0.06685808
CPS-HCM-Q09-125LVV,2025-12,2324,1657,184,278,1862,0.079173838
CPS-HCM-Q09-125LVV,2026-01,2169,1523,154,276,1739,0.071000461
CPS-HCM-Q09-125LVV,2026-02,2429,1618,167,351,1911,0.068752573
CPS-HCM-Q09-125LVV,2026-03,120,85,10,10,100,0.083333333
CPS-HCM-Q09-241DXH,2025-10,2080,1440,125,269,1686,0.060096154
CPS-HCM-Q09-241DXH,2025-11,2078,1513,164,232,1682,0.07892204
CPS-HCM-Q09-241DXH,2025-12,1971,1446,182,179,1610,0.092338914
CPS-HCM-Q09-241DXH,2026-01,1828,1356,189,236,1403,0.103391685
CPS-HCM-Q09-241DXH,2026-02,1870,1348,128,182,1560,0.068449198
CPS-HCM-Q09-241DXH,2026-03,94,72,9,9,76,0.095744681
CPS-HCM-Q09-241LVV,2025-10,1889,1342,179,301,1409,0.094759132
CPS-HCM-Q09-241LVV,2025-11,1923,1370,198,306,1419,0.102964119
CPS-HCM-Q09-241LVV,2025-12,1732,1252,200,256,1276,0.115473441
CPS-HCM-Q09-241LVV,2026-01,1561,1140,179,195,1187,0.114670083
CPS-HCM-Q09-241LVV,2026-02,1625,1126,155,245,1225,0.095384615
CPS-HCM-Q09-241LVV,2026-03,71,52,5,21,45,0.070422535
CPS-HCM-Q10-288BTH,2025-10,4804,3386,292,636,3876,0.060782681
CPS-HCM-Q10-288BTH,2025-11,4622,3300,326,615,3681,0.070532237
CPS-HCM-Q10-288BTH,2025-12,4386,3153,371,462,3553,0.084587323
CPS-HCM-Q10-288BTH,2026-01,4252,2937,355,411,3486,0.083490122
CPS-HCM-Q10-288BTH,2026-02,4940,3281,323,475,4142,0.065384615
CPS-HCM-Q10-288BTH,2026-03,168,123,5,24,139,0.029761905
CPS-HCM-Q10-347NTP,2025-10,2596,1983,201,358,2037,0.07742681
CPS-HCM-Q10-347NTP,2025-11,2554,1957,227,336,1991,0.088880188
CPS-HCM-Q10-347NTP,2025-12,2166,1674,230,272,1664,0.106186519
CPS-HCM-Q10-347NTP,2026-01,2114,1573,246,218,1650,0.116367077
CPS-HCM-Q10-347NTP,2026-02,2032,1475,224,213,1595,0.11023622
CPS-HCM-Q10-347NTP,2026-03,108,83,8,11,89,0.074074074
CPS-HCM-Q11-457LDH,2025-10,1790,1332,142,206,1442,0.079329609
CPS-HCM-Q11-457LDH,2025-11,1583,1241,171,192,1220,0.108022742
CPS-HCM-Q11-457LDH,2025-12,1564,1191,172,151,1241,0.109974425
CPS-HCM-Q11-457LDH,2026-01,1375,1035,113,213,1049,0.082181818
CPS-HCM-Q11-457LDH,2026-02,1560,1136,142,262,1156,0.091025641
CPS-HCM-Q11-457LDH,2026-03,60,46,5,17,38,0.083333333
CPS-HCM-Q12-17PVH,2025-10,2145,1573,187,222,1736,0.087179487
CPS-HCM-Q12-17PVH,2025-11,2312,1648,192,305,1815,0.083044983
CPS-HCM-Q12-17PVH,2025-12,2157,1564,177,246,1734,0.082058414
CPS-HCM-Q12-17PVH,2026-01,2009,1421,173,348,1488,0.086112494
CPS-HCM-Q12-17PVH,2026-02,2098,1435,138,444,1516,0.06577693
CPS-HCM-Q12-17PVH,2026-03,84,63,6,16,62,0.071428571
CPS-HCM-Q12-1ANAT,2025-10,1573,1188,131,222,1220,0.083280356
CPS-HCM-Q12-1ANAT,2025-11,1581,1213,165,213,1203,0.104364326
CPS-HCM-Q12-1ANAT,2025-12,1419,1046,142,215,1062,0.100070472
CPS-HCM-Q12-1ANAT,2026-01,1501,1094,147,230,1124,0.09793471
CPS-HCM-Q12-1ANAT,2026-02,1553,1086,129,266,1158,0.083065035
CPS-HCM-Q12-1ANAT,2026-03,46,39,8,12,26,0.173913043
CPS-HCM-Q12-93/8CNAT,2025-10,2235,1503,124,307,1804,0.055480984
CPS-HCM-Q12-93/8CNAT,2025-11,2062,1431,139,281,1642,0.067410281
CPS-HCM-Q12-93/8CNAT,2025-12,1874,1311,131,216,1527,0.069903949
CPS-HCM-Q12-93/8CNAT,2026-01,1843,1267,93,243,1507,0.050461205
CPS-HCM-Q12-93/8CNAT,2026-02,2045,1406,100,260,1685,0.048899756
CPS-HCM-Q12-93/8CNAT,2026-03,81,59,2,2,77,0.024691358
CPS-HCM-TBI-190BHVT,2025-10,3356,2321,466,453,2437,0.138855781
CPS-HCM-TBI-190BHVT,2025-11,3566,2464,562,536,2468,0.157599551
CPS-HCM-TBI-190BHVT,2025-12,3206,2288,474,465,2267,0.147847785
CPS-HCM-TBI-190BHVT,2026-01,3026,2116,554,326,2146,0.183079974
CPS-HCM-TBI-190BHVT,2026-02,3329,2285,512,659,2158,0.15379994
CPS-HCM-TBI-190BHVT,2026-03,105,72,6,33,66,0.057142857
CPS-HCM-TBI-359CH,2025-10,1454,1097,132,196,1126,0.090784044
CPS-HCM-TBI-359CH,2025-11,1449,1100,157,197,1095,0.108350587
CPS-HCM-TBI-359CH,2025-12,1431,1063,177,246,1008,0.123689727
CPS-HCM-TBI-359CH,2026-01,1301,986,150,225,926,0.115295926
CPS-HCM-TBI-359CH,2026-02,1361,981,147,301,913,0.108008817
CPS-HCM-TBI-359CH,2026-03,57,45,6,8,43,0.105263158
CPS-HCM-TBI-672AC,2025-10,2009,1437,180,161,1668,0.089596814
CPS-HCM-TBI-672AC,2025-11,1874,1409,151,156,1567,0.080576307
CPS-HCM-TBI-672AC,2025-12,1665,1293,168,134,1363,0.100900901
CPS-HCM-TBI-672AC,2026-01,1506,1161,178,114,1214,0.118193891
CPS-HCM-TBI-672AC,2026-02,1919,1383,212,137,1570,0.110474205
CPS-HCM-TBI-672AC,2026-03,78,56,9,3,66,0.115384615
CPS-HCM-TBI-956AC,2025-10,1190,809,139,168,883,0.116806723
CPS-HCM-TBI-956AC,2025-11,1204,838,134,201,869,0.111295681
CPS-HCM-TBI-956AC,2025-12,1217,844,158,224,835,0.129827445
CPS-HCM-TBI-956AC,2026-01,1132,798,150,212,770,0.132508834
CPS-HCM-TBI-956AC,2026-02,1150,790,116,197,837,0.100869565
CPS-HCM-TBI-956AC,2026-03,66,47,11,17,38,0.166666667
CPS-HCM-TDO-2LHP,2025-10,577,395,74,37,466,0.128249567
CPS-HCM-TDO-2LHP,2025-11,649,459,102,65,482,0.157164869
CPS-HCM-TDO-2LHP,2025-12,597,427,95,65,437,0.159128978
CPS-HCM-TDO-2LHP,2026-01,608,437,80,55,473,0.131578947
CPS-HCM-TDO-2LHP,2026-02,660,450,77,68,515,0.116666667
CPS-HCM-TDO-2LHP,2026-03,30,19,3,5,22,0.1
CPS-HCM-TDU-18VVN,2025-10,3286,2336,206,517,2563,0.062690201
CPS-HCM-TDU-18VVN,2025-11,3496,2499,238,552,2706,0.068077803
CPS-HCM-TDU-18VVN,2025-12,3290,2392,275,511,2504,0.083586626
CPS-HCM-TDU-18VVN,2026-01,2968,2169,187,427,2354,0.063005391
CPS-HCM-TDU-18VVN,2026-02,3436,2347,215,483,2738,0.062572759
CPS-HCM-TDU-18VVN,2026-03,139,107,9,18,112,0.064748201
CPS-HCM-TDU-632AKVC,2025-10,1852,1289,173,257,1422,0.093412527
CPS-HCM-TDU-632AKVC,2025-11,1644,1154,159,221,1264,0.096715328
CPS-HCM-TDU-632AKVC,2025-12,1611,1145,157,206,1248,0.097454997
CPS-HCM-TDU-632AKVC,2026-01,1500,1041,140,186,1174,0.093333333
CPS-HCM-TDU-632AKVC,2026-02,1548,1100,143,216,1189,0.092377261
CPS-HCM-TDU-632AKVC,2026-03,59,46,4,4,51,0.06779661
CPS-HCM-TDU-943KVC,2025-10,1774,1283,97,189,1488,0.054678692
CPS-HCM-TDU-943KVC,2025-11,1775,1280,123,274,1378,0.069295775
CPS-HCM-TDU-943KVC,2025-12,1670,1184,153,231,1286,0.091616766
CPS-HCM-TDU-943KVC,2026-01,1598,1156,107,147,1344,0.066958698
CPS-HCM-TDU-943KVC,2026-02,1561,1079,109,178,1274,0.069827034
CPS-HCM-TDU-943KVC,2026-03,84,56,9,10,65,0.107142857
CPS-HCM-TPH-161NS,2025-10,1445,1012,96,242,1107,0.066435986
CPS-HCM-TPH-161NS,2025-11,1567,1125,119,250,1198,0.075941289
CPS-HCM-TPH-161NS,2025-12,1325,979,97,201,1027,0.073207547
CPS-HCM-TPH-161NS,2026-01,1260,954,115,156,989,0.091269841
CPS-HCM-TPH-161NS,2026-02,1337,969,115,158,1064,0.086013463
CPS-HCM-TPH-161NS,2026-03,64,41,7,2,55,0.109375
CPS-HCM-TPH-449TKTQ,2025-10,1850,1320,137,395,1318,0.074054054
CPS-HCM-TPH-449TKTQ,2025-11,1709,1245,135,325,1249,0.078993563
CPS-HCM-TPH-449TKTQ,2025-12,1591,1144,171,261,1159,0.107479573
CPS-HCM-TPH-449TKTQ,2026-01,1681,1167,125,221,1335,0.0743605
CPS-HCM-TPH-449TKTQ,2026-02,1614,1130,131,228,1255,0.081164808
CPS-HCM-TPH-449TKTQ,2026-03,66,52,3,7,56,0.045454545
CPS-HCM-TPH-472LTT,2025-10,1656,1175,105,177,1374,0.063405797
CPS-HCM-TPH-472LTT,2025-11,1536,1119,139,163,1234,0.090494792
CPS-HCM-TPH-472LTT,2025-12,1481,1074,127,180,1174,0.08575287
CPS-HCM-TPH-472LTT,2026-01,1443,1041,116,128,1199,0.08038808
CPS-HCM-TPH-472LTT,2026-02,1434,1029,86,165,1183,0.059972106
CPS-HCM-TPH-472LTT,2026-03,66,50,3,9,54,0.045454545
CPS-HDU-HDU-6NLB,2025-10,866,720,35,67,764,0.040415704
CPS-HDU-HDU-6NLB,2025-11,754,628,27,77,650,0.035809019
CPS-HDU-HDU-6NLB,2025-12,669,574,32,78,559,0.047832586
CPS-HDU-HDU-6NLB,2026-01,688,578,17,69,602,0.024709302
CPS-HDU-HDU-6NLB,2026-02,854,709,28,69,757,0.032786885
CPS-HDU-HDU-6NLB,2026-03,37,29,0,1,36,0
CPS-HNO-AKH-42A10LTT,2025-10,515,429,58,35,422,0.112621359
CPS-HNO-AKH-42A10LTT,2025-11,479,404,63,40,376,0.131524008
CPS-HNO-AKH-42A10LTT,2025-12,421,364,45,28,348,0.106888361
CPS-HNO-AKH-42A10LTT,2026-01,436,381,58,32,346,0.133027523
CPS-HNO-AKH-42A10LTT,2026-02,466,401,62,20,384,0.13304721
CPS-HNO-AKH-42A10LTT,2026-03,36,29,0,2,34,0
CPS-HNO-BDE-345NVC,2025-10,40,34,5,4,31,0.125
CPS-HNO-BDE-345NVC,2025-11,276,225,29,22,225,0.105072464
CPS-HNO-BDE-345NVC,2025-12,274,233,30,35,209,0.109489051
CPS-HNO-BDE-345NVC,2026-01,208,186,37,20,151,0.177884615
CPS-HNO-BDE-345NVC,2026-02,271,241,51,25,195,0.188191882
CPS-HNO-BDE-345NVC,2026-03,6,6,1,0,5,0.166666667
CPS-HNO-BTL-244PVD,2025-10,781,659,85,105,591,0.108834827
CPS-HNO-BTL-244PVD,2025-11,662,572,81,139,442,0.122356495
CPS-HNO-BTL-244PVD,2025-12,634,548,79,75,480,0.124605678
CPS-HNO-BTL-244PVD,2026-01,593,511,66,74,453,0.111298482
CPS-HNO-BTL-244PVD,2026-02,637,531,86,68,483,0.135007849
CPS-HNO-BTL-244PVD,2026-03,37,31,4,3,30,0.108108108
CPS-HNO-CGI-126HTM,2025-10,1276,1114,101,167,1008,0.079153605
CPS-HNO-CGI-126HTM,2025-11,1056,931,133,130,793,0.12594697
CPS-HNO-CGI-126HTM,2025-12,1069,922,145,136,788,0.135640786
CPS-HNO-CGI-126HTM,2026-01,906,785,103,97,706,0.113686534
CPS-HNO-CGI-126HTM,2026-02,1040,894,93,133,814,0.089423077
CPS-HNO-CGI-126HTM,2026-03,47,44,4,3,40,0.085106383
CPS-HNO-CGI-160NKT,2025-10,911,789,75,113,723,0.082327113
CPS-HNO-CGI-160NKT,2025-11,849,735,87,106,656,0.102473498
CPS-HNO-CGI-160NKT,2025-12,813,704,80,82,651,0.098400984
CPS-HNO-CGI-160NKT,2026-01,721,604,71,77,573,0.098474341
CPS-HNO-CGI-160NKT,2026-02,844,701,77,93,674,0.091232227
CPS-HNO-CGI-160NKT,2026-03,30,28,3,0,27,0.1
CPS-HNO-CGI-310CG,2025-10,1405,1221,140,200,1065,0.099644128
CPS-HNO-CGI-310CG,2025-11,1427,1205,137,236,1054,0.096005606
CPS-HNO-CGI-310CG,2025-12,1374,1173,130,178,1066,0.094614265
CPS-HNO-CGI-310CG,2026-01,1252,1076,111,95,1046,0.088658147
CPS-HNO-CGI-310CG,2026-02,1494,1290,122,139,1233,0.081659973
CPS-HNO-CGI-310CG,2026-03,48,45,2,1,45,0.041666667
CPS-HNO-CGI-48TDH,2025-10,1267,1092,146,156,965,0.115232833
CPS-HNO-CGI-48TDH,2025-11,1253,1056,164,161,928,0.130885874
CPS-HNO-CGI-48TDH,2025-12,1152,998,167,133,852,0.144965278
CPS-HNO-CGI-48TDH,2026-01,1053,880,141,114,798,0.133903134
CPS-HNO-CGI-48TDH,2026-02,1205,1010,128,117,960,0.106224066
CPS-HNO-CGI-48TDH,2026-03,32,29,1,4,27,0.03125
CPS-HNO-DAN-21CL,2025-10,532,451,46,46,440,0.086466165
CPS-HNO-DAN-21CL,2025-11,465,391,42,39,384,0.090322581
CPS-HNO-DAN-21CL,2025-12,418,367,39,38,341,0.093301435
CPS-HNO-DAN-21CL,2026-01,338,299,37,24,277,0.109467456
CPS-HNO-DAN-21CL,2026-02,456,384,40,39,377,0.087719298
CPS-HNO-DAN-21CL,2026-03,14,13,1,3,10,0.071428571
CPS-HNO-DDA-133TH,2025-10,2058,1663,169,214,1675,0.082118562
CPS-HNO-DDA-133TH,2025-11,2094,1670,205,225,1664,0.097898758
CPS-HNO-DDA-133TH,2025-12,1958,1545,205,197,1556,0.104698672
CPS-HNO-DDA-133TH,2026-01,1780,1422,164,175,1441,0.092134831
CPS-HNO-DDA-133TH,2026-02,2132,1684,183,199,1750,0.085834897
CPS-HNO-DDA-133TH,2026-03,79,56,5,1,73,0.063291139
CPS-HNO-DDA-21TH,2025-10,1445,1212,79,179,1187,0.05467128
CPS-HNO-DDA-21TH,2025-11,1432,1194,104,198,1130,0.072625698
CPS-HNO-DDA-21TH,2025-12,1288,1099,66,133,1089,0.051242236
CPS-HNO-DDA-21TH,2026-01,1081,943,64,128,889,0.05920444
CPS-HNO-DDA-21TH,2026-02,1407,1179,81,113,1213,0.057569296
CPS-HNO-DDA-21TH,2026-03,45,42,3,1,41,0.066666667
CPS-HNO-DDA-360XD,2025-10,867,731,62,113,692,0.071510957
CPS-HNO-DDA-360XD,2025-11,814,688,61,99,654,0.074938575
CPS-HNO-DDA-360XD,2025-12,789,668,80,84,625,0.10139417
CPS-HNO-DDA-360XD,2026-01,753,648,103,92,558,0.136786189
CPS-HNO-DDA-360XD,2026-02,828,719,66,96,666,0.079710145
CPS-HNO-DDA-360XD,2026-03,28,25,0,5,23,0
CPS-HNO-DDA-B2B,2025-10,1071,503,0,0,1071,0
CPS-HNO-DDA-B2B,2025-11,900,456,12,0,888,0.013333333
CPS-HNO-DDA-B2B,2025-12,829,294,17,0,812,0.020506634
CPS-HNO-DDA-B2B,2026-01,1208,534,8,0,1200,0.006622517
CPS-HNO-DDA-B2B,2026-02,1235,622,4,0,1231,0.003238866
CPS-HNO-DDA-B2B,2026-03,62,22,0,0,62,0
CPS-HNO-DNO-770QT,2025-10,356,309,30,25,301,0.084269663
CPS-HNO-DNO-770QT,2025-11,430,359,58,40,332,0.134883721
CPS-HNO-DNO-770QT,2025-12,328,276,32,28,268,0.097560976
CPS-HNO-DNO-770QT,2026-01,316,274,46,34,236,0.14556962
CPS-HNO-DNO-770QT,2026-02,371,318,55,42,274,0.148247978
CPS-HNO-DNO-770QT,2026-03,18,15,2,1,15,0.111111111
CPS-HNO-GLA-51NXQ,2025-10,762,642,70,71,621,0.091863517
CPS-HNO-GLA-51NXQ,2025-11,736,623,81,88,567,0.110054348
CPS-HNO-GLA-51NXQ,2025-12,686,572,66,66,554,0.096209913
CPS-HNO-GLA-51NXQ,2026-01,609,521,69,70,470,0.113300493
CPS-HNO-GLA-51NXQ,2026-02,727,603,59,69,599,0.081155433
CPS-HNO-GLA-51NXQ,2026-03,32,29,3,2,27,0.09375
CPS-HNO-HBT-282MK,2025-10,950,807,50,144,756,0.052631579
CPS-HNO-HBT-282MK,2025-11,860,748,37,130,693,0.043023256
CPS-HNO-HBT-282MK,2025-12,833,721,47,103,683,0.056422569
CPS-HNO-HBT-282MK,2026-01,700,606,43,69,588,0.061428571
CPS-HNO-HBT-282MK,2026-02,901,762,32,112,757,0.035516093
CPS-HNO-HBT-282MK,2026-03,28,22,1,2,25,0.035714286
CPS-HNO-HBT-51DCV,2025-10,1033,893,64,128,841,0.06195547
CPS-HNO-HBT-51DCV,2025-11,876,745,65,128,683,0.074200913
CPS-HNO-HBT-51DCV,2025-12,977,836,60,122,795,0.061412487
CPS-HNO-HBT-51DCV,2026-01,810,699,51,106,653,0.062962963
CPS-HNO-HBT-51DCV,2026-02,997,853,64,120,813,0.064192578
CPS-HNO-HBT-51DCV,2026-03,38,34,4,6,28,0.105263158
CPS-HNO-HDO-140VP,2025-10,775,658,72,80,623,0.092903226
CPS-HNO-HDO-140VP,2025-11,629,548,72,78,479,0.114467409
CPS-HNO-HDO-140VP,2025-12,609,524,76,73,460,0.124794745
CPS-HNO-HDO-140VP,2026-01,588,509,70,56,462,0.119047619
CPS-HNO-HDO-140VP,2026-02,642,555,87,45,510,0.135514019
CPS-HNO-HDO-140VP,2026-03,23,20,1,4,18,0.043478261
CPS-HNO-HDO-267QT,2025-10,1350,1156,52,100,1198,0.038518519
CPS-HNO-HDO-267QT,2025-11,1427,1165,60,122,1245,0.042046251
CPS-HNO-HDO-267QT,2025-12,1265,1052,67,65,1133,0.052964427
CPS-HNO-HDO-267QT,2026-01,1114,930,42,83,989,0.037701975
CPS-HNO-HDO-267QT,2026-02,1429,1194,67,100,1262,0.046885934
CPS-HNO-HDO-267QT,2026-03,45,40,4,3,38,0.088888889
CPS-HNO-HDO-87PH,2025-10,653,531,60,65,528,0.091883614
CPS-HNO-HDO-87PH,2025-11,658,526,66,79,513,0.100303951
CPS-HNO-HDO-87PH,2025-12,556,474,69,57,430,0.124100719
CPS-HNO-HDO-87PH,2026-01,502,437,61,37,404,0.121513944
CPS-HNO-HDO-87PH,2026-02,548,459,64,44,440,0.116788321
CPS-HNO-HDO-87PH,2026-03,23,19,4,4,15,0.173913043
CPS-HNO-HDU-679VX,2025-10,422,353,48,39,335,0.113744076
CPS-HNO-HDU-679VX,2025-11,398,336,43,41,314,0.108040201
CPS-HNO-HDU-679VX,2025-12,375,318,39,34,302,0.104
CPS-HNO-HDU-679VX,2026-01,306,267,50,23,233,0.163398693
CPS-HNO-HDU-679VX,2026-02,348,292,65,38,245,0.186781609
CPS-HNO-HDU-679VX,2026-03,7,7,1,0,6,0.142857143
CPS-HNO-HKI-21AHB,2025-10,1066,920,123,126,817,0.115384615
CPS-HNO-HKI-21AHB,2025-11,1122,944,128,142,852,0.114081996
CPS-HNO-HKI-21AHB,2025-12,1048,894,123,79,846,0.117366412
CPS-HNO-HKI-21AHB,2026-01,899,769,89,54,756,0.098998888
CPS-HNO-HKI-21AHB,2026-02,1098,953,111,62,925,0.101092896
CPS-HNO-HKI-21AHB,2026-03,30,26,1,3,26,0.033333333
CPS-HNO-HKI-55AHB,2025-10,521,452,79,50,392,0.151631478
CPS-HNO-HKI-55AHB,2025-11,526,443,82,61,383,0.155893536
CPS-HNO-HKI-55AHB,2025-12,478,425,73,59,346,0.152719665
CPS-HNO-HKI-55AHB,2026-01,427,373,64,18,345,0.149882904
CPS-HNO-HKI-55AHB,2026-02,484,414,67,37,380,0.138429752
CPS-HNO-HKI-55AHB,2026-03,21,18,3,3,15,0.142857143
CPS-HNO-HMA-265LN,2025-10,417,344,74,45,298,0.177458034
CPS-HNO-HMA-265LN,2025-11,366,305,62,40,264,0.169398907
CPS-HNO-HMA-265LN,2025-12,315,265,69,30,216,0.219047619
CPS-HNO-HMA-265LN,2026-01,316,275,58,52,206,0.183544304
CPS-HNO-HMA-265LN,2026-02,370,309,73,52,245,0.197297297
CPS-HNO-HMA-265LN,2026-03,19,18,2,2,15,0.105263158
CPS-HNO-HMA-546TD,2025-10,1055,904,98,121,836,0.092890995
CPS-HNO-HMA-546TD,2025-11,942,798,84,104,754,0.089171975
CPS-HNO-HMA-546TD,2025-12,930,795,86,91,753,0.092473118
CPS-HNO-HMA-546TD,2026-01,786,666,74,57,655,0.094147583
CPS-HNO-HMA-546TD,2026-02,1106,923,101,95,910,0.091320072
CPS-HNO-HMA-546TD,2026-03,46,38,0,1,45,0
CPS-HNO-LBI-252NGT,2025-10,743,646,58,69,616,0.078061911
CPS-HNO-LBI-252NGT,2025-11,719,618,70,79,570,0.097357441
CPS-HNO-LBI-252NGT,2025-12,594,500,48,73,473,0.080808081
CPS-HNO-LBI-252NGT,2026-01,577,497,53,46,478,0.091854419
CPS-HNO-LBI-252NGT,2026-02,695,584,53,50,592,0.076258993
CPS-HNO-LBI-252NGT,2026-03,19,18,1,2,16,0.052631579
CPS-HNO-LBI-280NVC,2025-10,878,776,58,103,717,0.066059226
CPS-HNO-LBI-280NVC,2025-11,916,759,54,98,764,0.058951965
CPS-HNO-LBI-280NVC,2025-12,766,644,55,59,652,0.071801567
CPS-HNO-LBI-280NVC,2026-01,757,657,70,49,638,0.092470277
CPS-HNO-LBI-280NVC,2026-02,950,795,63,76,811,0.066315789
CPS-HNO-LBI-280NVC,2026-03,43,35,1,4,38,0.023255814
CPS-HNO-NTL-283HTM,2025-10,959,809,74,157,728,0.077163712
CPS-HNO-NTL-283HTM,2025-11,835,725,79,134,622,0.094610778
CPS-HNO-NTL-283HTM,2025-12,715,625,72,85,558,0.100699301
CPS-HNO-NTL-283HTM,2026-01,727,603,79,82,566,0.10866575
CPS-HNO-NTL-283HTM,2026-02,743,635,66,76,601,0.088829071
CPS-HNO-NTL-283HTM,2026-03,36,28,1,1,34,0.027777778
CPS-HNO-NTL-50LQD,2025-10,657,552,66,95,496,0.100456621
CPS-HNO-NTL-50LQD,2025-11,608,506,47,108,453,0.077302632
CPS-HNO-NTL-50LQD,2025-12,571,495,53,65,453,0.092819615
CPS-HNO-NTL-50LQD,2026-01,553,463,54,65,434,0.097649186
CPS-HNO-NTL-50LQD,2026-02,565,499,65,73,427,0.115044248
CPS-HNO-NTL-50LQD,2026-03,26,23,2,5,19,0.076923077
CPS-HNO-PDI-248HTM,2025-12,97,83,22,11,64,0.226804124
CPS-HNO-PDI-248HTM,2026-01,331,287,47,45,239,0.141993958
CPS-HNO-PDI-248HTM,2026-02,439,371,52,70,317,0.118451025
CPS-HNO-PDI-248HTM,2026-03,29,23,0,3,26,0
CPS-HNO-THO-126LLQ,2025-10,1068,945,100,119,849,0.093632959
CPS-HNO-THO-126LLQ,2025-11,1025,890,101,154,770,0.098536585
CPS-HNO-THO-126LLQ,2025-12,991,826,89,134,768,0.089808274
CPS-HNO-THO-126LLQ,2026-01,920,788,92,92,736,0.1
CPS-HNO-THO-126LLQ,2026-02,1061,897,93,100,868,0.087653157
CPS-HNO-THO-126LLQ,2026-03,43,35,2,1,40,0.046511628
CPS-HNO-THO-143NT,2025-12,266,242,41,23,202,0.154135338
CPS-HNO-THO-143NT,2026-01,326,288,39,27,260,0.119631902
CPS-HNO-THO-143NT,2026-02,385,333,47,48,290,0.122077922
CPS-HNO-THO-143NT,2026-03,14,10,1,2,11,0.071428571
CPS-HNO-TTR-361NH,2025-10,423,359,55,41,327,0.130023641
CPS-HNO-TTR-361NH,2025-11,367,313,49,53,265,0.133514986
CPS-HNO-TTR-361NH,2025-12,346,304,34,22,290,0.098265896
CPS-HNO-TTR-361NH,2026-01,353,300,48,45,260,0.135977337
CPS-HNO-TTR-361NH,2026-02,504,408,77,53,374,0.152777778
CPS-HNO-TTR-361NH,2026-03,25,21,3,1,21,0.12
CPS-HNO-TXU-300NT,2025-10,1149,983,107,157,885,0.093124456
CPS-HNO-TXU-300NT,2025-11,1056,898,107,163,786,0.101325758
CPS-HNO-TXU-300NT,2025-12,992,846,139,113,740,0.140120968
CPS-HNO-TXU-300NT,2026-01,939,811,120,84,735,0.127795527
CPS-HNO-TXU-300NT,2026-02,1073,906,119,104,850,0.110904007
CPS-HNO-TXU-300NT,2026-03,32,29,4,2,26,0.125
CPS-HNO-TXU-543NT,2025-10,978,832,121,112,745,0.123721881
CPS-HNO-TXU-543NT,2025-11,951,806,109,99,743,0.114616193
CPS-HNO-TXU-543NT,2025-12,839,714,94,65,680,0.112038141
CPS-HNO-TXU-543NT,2026-01,761,652,84,64,613,0.110381078
CPS-HNO-TXU-543NT,2026-02,855,736,92,56,707,0.107602339
CPS-HNO-TXU-543NT,2026-03,31,30,3,1,27,0.096774194
CPS-HPH-HAN-78NGT,2025-12,11,9,1,1,9,0.090909091
CPS-HPH-HAN-78NGT,2026-01,227,193,23,19,185,0.101321586
CPS-HPH-HAN-78NGT,2026-02,339,278,28,39,272,0.08259587
CPS-HPH-HAN-78NGT,2026-03,13,9,0,0,13,0
CPS-HPH-HPH-162LT,2025-10,1104,943,48,117,939,0.043478261
CPS-HPH-HPH-162LT,2025-11,996,845,46,186,764,0.046184739
CPS-HPH-HPH-162LT,2025-12,983,844,63,161,759,0.064089522
CPS-HPH-HPH-162LT,2026-01,750,662,47,106,597,0.062666667
CPS-HPH-HPH-162LT,2026-02,1225,1001,41,112,1072,0.033469388
CPS-HPH-HPH-162LT,2026-03,32,29,2,1,29,0.0625
CPS-HPH-HPH-163ADN,2025-10,351,310,29,31,291,0.082621083
CPS-HPH-HPH-163ADN,2025-11,418,341,29,57,332,0.06937799
CPS-HPH-HPH-163ADN,2025-12,403,317,26,63,314,0.064516129
CPS-HPH-HPH-163ADN,2026-01,319,279,38,36,245,0.119122257
CPS-HPH-HPH-163ADN,2026-02,448,367,22,73,353,0.049107143
CPS-HPH-HPH-163ADN,2026-03,13,12,1,2,10,0.076923077
CPS-HPH-HPH-278TNH,2025-10,603,489,34,71,498,0.056384743
CPS-HPH-HPH-278TNH,2025-11,514,438,43,55,416,0.083657588
CPS-HPH-HPH-278TNH,2025-12,496,405,31,70,395,0.0625
CPS-HPH-HPH-278TNH,2026-01,396,341,29,35,332,0.073232323
CPS-HPH-HPH-278TNH,2026-02,628,513,55,53,520,0.087579618
CPS-HPH-HPH-278TNH,2026-03,14,11,0,0,14,0
CPS-HTI-HTI-81TP,2025-10,319,281,10,26,283,0.031347962
CPS-HTI-HTI-81TP,2025-11,337,274,21,18,298,0.06231454
CPS-HTI-HTI-81TP,2025-12,312,259,16,7,289,0.051282051
CPS-HTI-HTI-81TP,2026-01,295,250,22,14,259,0.074576271
CPS-HTI-HTI-81TP,2026-02,456,383,22,19,415,0.048245614
CPS-HTI-HTI-81TP,2026-03,16,15,0,1,15,0
CPS-HUE-PHO-5HV,2025-10,524,467,22,64,438,0.041984733
CPS-HUE-PHO-5HV,2025-11,726,646,41,93,592,0.056473829
CPS-HUE-PHO-5HV,2025-12,569,495,44,51,474,0.077328647
CPS-HUE-PHO-5HV,2026-01,549,481,21,50,478,0.038251366
CPS-HUE-PHO-5HV,2026-02,780,683,33,65,682,0.042307692
CPS-HUE-PHO-5HV,2026-03,35,28,0,3,32,0
CPS-KGI-PQU-35HV,2025-10,1392,895,32,74,1286,0.022988506
CPS-KGI-PQU-35HV,2025-11,1638,1079,37,93,1508,0.022588523
CPS-KGI-PQU-35HV,2025-12,1526,1039,57,82,1387,0.037352556
CPS-KGI-PQU-35HV,2026-01,1574,1035,50,89,1435,0.031766201
CPS-KGI-PQU-35HV,2026-02,1755,1073,33,153,1569,0.018803419
CPS-KGI-PQU-35HV,2026-03,78,50,1,4,73,0.012820513
CPS-KGI-RGI-117NTT,2025-10,1510,980,49,199,1262,0.032450331
CPS-KGI-RGI-117NTT,2025-11,1195,798,46,168,981,0.038493724
CPS-KGI-RGI-117NTT,2025-12,1236,814,61,87,1088,0.049352751
CPS-KGI-RGI-117NTT,2026-01,1157,785,67,57,1033,0.057908384
CPS-KGI-RGI-117NTT,2026-02,1627,1018,51,178,1398,0.031346036
CPS-KGI-RGI-117NTT,2026-03,52,35,1,4,47,0.019230769
CPS-KHO-BNT-1HC,2025-12,1084,819,50,41,993,0.046125461
CPS-KHO-BNT-1HC,2026-01,1086,817,53,67,966,0.048802947
CPS-KHO-BNT-1HC,2026-02,1485,1070,58,88,1339,0.039057239
CPS-KHO-BNT-1HC,2026-03,57,38,1,4,52,0.01754386
CPS-KHO-NTR-3TN,2025-10,2439,1778,116,275,2048,0.047560476
CPS-KHO-NTR-3TN,2025-11,2614,1941,122,281,2211,0.046671767
CPS-KHO-NTR-3TN,2025-12,2277,1692,104,171,2002,0.045674133
CPS-KHO-NTR-3TN,2026-01,1917,1406,52,148,1717,0.027125717
CPS-KHO-NTR-3TN,2026-02,2302,1605,69,166,2067,0.029973936
CPS-KHO-NTR-3TN,2026-03,84,59,0,7,77,0
CPS-LAN-BLU-82NHT,2025-10,1037,665,64,77,896,0.06171649
CPS-LAN-BLU-82NHT,2025-11,1081,688,66,136,879,0.061054579
CPS-LAN-BLU-82NHT,2025-12,862,612,75,106,681,0.087006961
CPS-LAN-BLU-82NHT,2026-01,962,697,71,82,809,0.073804574
CPS-LAN-BLU-82NHT,2026-02,1120,689,72,129,919,0.064285714
CPS-LAN-BLU-82NHT,2026-03,41,32,1,2,38,0.024390244
CPS-LAN-TAN-122HV,2025-10,1601,1019,54,135,1412,0.033728919
CPS-LAN-TAN-122HV,2025-11,1490,975,64,130,1296,0.04295302
CPS-LAN-TAN-122HV,2025-12,1356,913,43,127,1186,0.031710914
CPS-LAN-TAN-122HV,2026-01,1283,838,49,128,1106,0.038191738
CPS-LAN-TAN-122HV,2026-02,1801,1148,58,171,1572,0.032204331
CPS-LAN-TAN-122HV,2026-03,64,38,0,5,59,0
CPS-LDO-BLO-739TP,2025-10,879,645,57,94,728,0.064846416
CPS-LDO-BLO-739TP,2025-11,896,647,66,73,757,0.073660714
CPS-LDO-BLO-739TP,2025-12,852,580,60,72,720,0.070422535
CPS-LDO-BLO-739TP,2026-01,863,618,48,53,762,0.05561993
CPS-LDO-BLO-739TP,2026-02,1035,731,75,85,875,0.072463768
CPS-LDO-BLO-739TP,2026-03,36,26,0,11,25,0
CPS-LDO-DLA-04NVC,2025-10,1743,1273,70,126,1547,0.040160643
CPS-LDO-DLA-04NVC,2025-11,1729,1273,75,151,1503,0.043377675
CPS-LDO-DLA-04NVC,2025-12,1696,1259,88,112,1496,0.051886792
CPS-LDO-DLA-04NVC,2026-01,1667,1230,92,79,1496,0.055188962
CPS-LDO-DLA-04NVC,2026-02,2236,1556,109,108,2019,0.048747764
CPS-LDO-DLA-04NVC,2026-03,90,64,1,5,84,0.011111111
CPS-LDO-DLA-279BTX,2025-10,1013,705,69,109,835,0.068114511
CPS-LDO-DLA-279BTX,2025-11,833,594,77,101,655,0.092436975
CPS-LDO-DLA-279BTX,2025-12,828,597,52,67,709,0.062801932
CPS-LDO-DLA-279BTX,2026-01,884,634,69,67,748,0.078054299
CPS-LDO-DLA-279BTX,2026-02,973,664,62,101,810,0.063720452
CPS-LDO-DLA-279BTX,2026-03,40,30,5,6,29,0.125
CPS-LDO-DTR-81TN,2025-10,951,595,36,89,826,0.03785489
CPS-LDO-DTR-81TN,2025-11,966,622,59,83,824,0.061076605
CPS-LDO-DTR-81TN,2025-12,1079,644,54,89,936,0.050046339
CPS-LDO-DTR-81TN,2026-01,879,608,70,56,753,0.07963595
CPS-LDO-DTR-81TN,2026-02,1070,701,57,62,951,0.053271028
CPS-LDO-DTR-81TN,2026-03,55,38,4,0,51,0.072727273
CPS-LSO-LSO-9TDN,2025-10,373,299,10,17,346,0.026809651
CPS-LSO-LSO-9TDN,2025-11,293,251,12,10,271,0.040955631
CPS-LSO-LSO-9TDN,2025-12,320,252,14,9,297,0.04375
CPS-LSO-LSO-9TDN,2026-01,336,288,24,22,290,0.071428571
CPS-LSO-LSO-9TDN,2026-02,418,329,17,17,384,0.040669856
CPS-LSO-LSO-9TDN,2026-03,16,16,0,0,16,0
CPS-NAN-VIN-61LL,2025-10,653,554,40,65,548,0.061255743
CPS-NAN-VIN-61LL,2025-11,743,606,47,86,610,0.063257066
CPS-NAN-VIN-61LL,2025-12,610,532,37,42,531,0.060655738
CPS-NAN-VIN-61LL,2026-01,542,478,34,32,476,0.062730627
CPS-NAN-VIN-61LL,2026-02,894,757,28,66,800,0.031319911
CPS-NAN-VIN-61LL,2026-03,25,22,0,2,23,0
CPS-NBI-HLU-933THD,2025-10,353,286,20,37,296,0.056657224
CPS-NBI-HLU-933THD,2025-11,307,261,25,20,262,0.081433225
CPS-NBI-HLU-933THD,2025-12,283,235,31,19,233,0.109540636
CPS-NBI-HLU-933THD,2026-01,313,257,15,23,275,0.047923323
CPS-NBI-HLU-933THD,2026-02,433,356,26,21,386,0.060046189
CPS-NBI-HLU-933THD,2026-03,14,14,0,1,13,0
CPS-NBI-HNA-276LH,2025-12,26,22,3,0,23,0.115384615
CPS-NBI-HNA-276LH,2026-01,280,231,14,19,247,0.05
CPS-NBI-HNA-276LH,2026-02,261,219,22,22,217,0.084291188
CPS-NBI-HNA-276LH,2026-03,12,9,1,0,11,0.083333333
CPS-NDI-NDI-159THD,2025-10,498,395,28,46,424,0.0562249
CPS-NDI-NDI-159THD,2025-11,439,359,29,55,355,0.066059226
CPS-NDI-NDI-159THD,2025-12,418,342,25,28,365,0.059808612
CPS-NDI-NDI-159THD,2026-01,417,339,17,36,364,0.040767386
CPS-NDI-NDI-159THD,2026-02,627,505,29,54,544,0.046251994
CPS-NDI-NDI-159THD,2026-03,34,30,0,3,31,0
CPS-NTH-PHR-339TN,2025-10,804,526,35,71,698,0.043532338
CPS-NTH-PHR-339TN,2025-11,769,520,49,93,627,0.063719116
CPS-NTH-PHR-339TN,2025-12,767,501,24,43,700,0.031290743
CPS-NTH-PHR-339TN,2026-01,666,456,26,39,601,0.039039039
CPS-NTH-PHR-339TN,2026-02,1018,631,34,72,912,0.033398821
CPS-NTH-PHR-339TN,2026-03,37,23,0,1,36,0
CPS-PTH-VTR-2379HV,2025-10,459,377,22,42,395,0.047930283
CPS-PTH-VTR-2379HV,2025-11,420,349,33,52,335,0.078571429
CPS-PTH-VTR-2379HV,2025-12,375,303,21,44,310,0.056
CPS-PTH-VTR-2379HV,2026-01,333,294,23,25,285,0.069069069
CPS-PTH-VTR-2379HV,2026-02,515,415,23,32,460,0.044660194
CPS-PTH-VTR-2379HV,2026-03,24,18,1,0,23,0.041666667
CPS-QBI-DH-117THD,2025-10,471,387,16,21,434,0.033970276
CPS-QBI-DH-117THD,2025-11,523,424,19,21,483,0.036328872
CPS-QBI-DH-117THD,2025-12,428,348,23,15,390,0.053738318
CPS-QBI-DH-117THD,2026-01,440,366,23,16,401,0.052272727
CPS-QBI-DH-117THD,2026-02,598,491,19,34,545,0.031772575
CPS-QBI-DH-117THD,2026-03,22,20,1,0,21,0.045454545
CPS-QNG-QNG-289QT,2025-10,883,648,43,64,776,0.048697622
CPS-QNG-QNG-289QT,2025-11,905,703,72,77,756,0.079558011
CPS-QNG-QNG-289QT,2025-12,779,580,71,65,643,0.09114249
CPS-QNG-QNG-289QT,2026-01,849,614,48,57,744,0.056537102
CPS-QNG-QNG-289QT,2026-02,1599,1045,63,122,1414,0.039399625
CPS-QNG-QNG-289QT,2026-03,52,39,4,3,45,0.076923077
CPS-QNI-BCH-690HL,2025-10,3,3,0,0,3,0
CPS-QNI-BCH-690HL,2025-11,287,233,13,13,261,0.045296167
CPS-QNI-BCH-690HL,2025-12,257,216,14,16,227,0.054474708
CPS-QNI-BCH-690HL,2026-01,242,213,14,24,204,0.05785124
CPS-QNI-BCH-690HL,2026-02,308,245,15,25,268,0.048701299
CPS-QNI-BCH-690HL,2026-03,13,10,1,0,12,0.076923077
CPS-QNI-CPH-213TP,2025-10,262,217,10,19,233,0.038167939
CPS-QNI-CPH-213TP,2025-11,219,186,12,14,193,0.054794521
CPS-QNI-CPH-213TP,2025-12,271,216,16,9,246,0.05904059
CPS-QNI-CPH-213TP,2026-01,263,205,12,15,236,0.045627376
CPS-QNI-CPH-213TP,2026-02,316,260,20,12,284,0.063291139
CPS-QNI-CPH-213TP,2026-03,12,12,1,0,11,0.083333333
CPS-QNI-HGA-19THD,2025-12,351,286,10,14,327,0.028490028
CPS-QNI-HGA-19THD,2026-01,335,292,13,26,296,0.03880597
CPS-QNI-HGA-19THD,2026-02,540,450,27,24,489,0.05
CPS-QNI-HGA-19THD,2026-03,21,19,2,1,18,0.095238095
CPS-QNI-HL-126KL,2025-10,461,396,25,49,387,0.054229935
CPS-QNI-HL-126KL,2025-11,430,353,14,42,374,0.03255814
CPS-QNI-HL-126KL,2025-12,54,49,5,7,42,0.092592593
CPS-STR-STR-91HV,2025-10,1128,759,38,84,1006,0.033687943
CPS-STR-STR-91HV,2025-11,1025,681,38,118,869,0.037073171
CPS-STR-STR-91HV,2025-12,906,624,47,59,800,0.05187638
CPS-STR-STR-91HV,2026-01,896,620,29,51,816,0.032366071
CPS-STR-STR-91HV,2026-02,1245,787,46,115,1084,0.036947791
CPS-STR-STR-91HV,2026-03,44,31,3,1,40,0.068181818
CPS-TBI-TBI-333LB,2025-10,434,362,26,30,378,0.059907834
CPS-TBI-TBI-333LB,2025-11,389,318,28,28,333,0.071979434
CPS-TBI-TBI-333LB,2025-12,354,286,19,35,300,0.053672316
CPS-TBI-TBI-333LB,2026-01,334,278,23,32,279,0.068862275
CPS-TBI-TBI-333LB,2026-02,568,452,31,70,467,0.054577465
CPS-TBI-TBI-333LB,2026-03,22,16,4,1,17,0.181818182
CPS-TGI-MTO-472AB,2025-10,1992,1258,57,126,1809,0.028614458
CPS-TGI-MTO-472AB,2025-11,1881,1238,81,95,1705,0.043062201
CPS-TGI-MTO-472AB,2025-12,1651,1142,75,125,1451,0.045427014
CPS-TGI-MTO-472AB,2026-01,1562,1076,69,98,1395,0.044174136
CPS-TGI-MTO-472AB,2026-02,2323,1468,69,205,2049,0.02970297
CPS-TGI-MTO-472AB,2026-03,92,60,2,10,80,0.02173913
CPS-THO-THO-260TP,2025-10,711,602,45,51,615,0.063291139
CPS-THO-THO-260TP,2025-11,726,604,40,54,632,0.055096419
CPS-THO-THO-260TP,2025-12,668,551,27,34,607,0.040419162
CPS-THO-THO-260TP,2026-01,609,500,26,38,545,0.042692939
CPS-THO-THO-260TP,2026-02,915,750,38,66,811,0.041530055
CPS-THO-THO-260TP,2026-03,35,28,0,3,32,0
CPS-TNG-TNG-200HVT,2025-10,807,687,40,75,692,0.049566295
CPS-TNG-TNG-200HVT,2025-11,708,577,39,84,585,0.055084746
CPS-TNG-TNG-200HVT,2025-12,682,536,29,44,609,0.042521994
CPS-TNG-TNG-200HVT,2026-01,620,509,32,48,540,0.051612903
CPS-TNG-TNG-200HVT,2026-02,790,629,36,78,676,0.04556962
CPS-TNG-TNG-200HVT,2026-03,31,26,0,1,30,0
CPS-TNI-TBG-214QL22,2025-10,1054,705,69,165,820,0.065464896
CPS-TNI-TBG-214QL22,2025-11,1036,703,81,139,816,0.078185328
CPS-TNI-TBG-214QL22,2025-12,961,642,88,136,737,0.09157128
CPS-TNI-TBG-214QL22,2026-01,940,606,93,124,723,0.09893617
CPS-TNI-TBG-214QL22,2026-02,1064,683,70,221,773,0.065789474
CPS-TNI-TBG-214QL22,2026-03,45,26,7,3,35,0.155555556
CPS-TNI-TNI-855CMT8,2025-10,1444,975,84,180,1180,0.058171745
CPS-TNI-TNI-855CMT8,2025-11,1457,981,71,138,1248,0.048730268
CPS-TNI-TNI-855CMT8,2025-12,1390,974,68,128,1194,0.048920863
CPS-TNI-TNI-855CMT8,2026-01,1256,895,59,95,1102,0.046974522
CPS-TNI-TNI-855CMT8,2026-02,1795,1154,64,256,1475,0.035654596
CPS-TNI-TNI-855CMT8,2026-03,103,59,3,4,96,0.029126214
CPS-TVI-TVI-24DBP,2025-10,1282,825,57,92,1133,0.044461778
CPS-TVI-TVI-24DBP,2025-11,1057,741,58,76,923,0.05487228
CPS-TVI-TVI-24DBP,2025-12,1061,686,40,70,951,0.037700283
CPS-TVI-TVI-24DBP,2026-01,1040,675,38,64,938,0.036538462
CPS-TVI-TVI-24DBP,2026-02,1363,832,31,100,1232,0.022743947
CPS-TVI-TVI-24DBP,2026-03,54,32,2,11,41,0.037037037
CPS-VLO-PKH-300ADHM,2025-12,22,16,5,0,17,0.227272727
CPS-VLO-PKH-300ADHM,2026-01,657,403,38,58,561,0.057838661
CPS-VLO-PKH-300ADHM,2026-02,840,472,55,50,735,0.06547619
CPS-VLO-PKH-300ADHM,2026-03,31,18,0,2,29,0
CPS-VLO-VLO-56DPTB,2025-10,1206,797,37,122,1047,0.030679934
CPS-VLO-VLO-56DPTB,2025-11,1152,778,39,144,969,0.033854167
CPS-VLO-VLO-56DPTB,2025-12,1001,694,54,113,834,0.053946054
CPS-VLO-VLO-56DPTB,2026-01,980,651,32,97,851,0.032653061
CPS-VLO-VLO-56DPTB,2026-02,1355,802,37,115,1203,0.027306273
CPS-VLO-VLO-56DPTB,2026-03,46,27,0,2,44,0
CPS-VPH-VYE-3ML,2025-10,468,387,19,33,416,0.040598291
CPS-VPH-VYE-3ML,2025-11,464,394,36,28,400,0.077586207
CPS-VPH-VYE-3ML,2025-12,440,362,32,22,386,0.072727273
CPS-VPH-VYE-3ML,2026-01,389,327,27,40,322,0.06940874
CPS-VPH-VYE-3ML,2026-02,473,391,27,71,375,0.057082452
CPS-VPH-VYE-3ML,2026-03,26,22,0,0,26,0
